,CNH,CNY,Basis
3/26/2021, 6.54 , ¥6.54 ,0.0048
3/29/2021, 6.57 , ¥6.57 ,-0.0067
3/30/2021, 6.57 , ¥6.57 ,-0.0006
3/31/2021, 6.56 , ¥6.55 ,-0.0109
4/1/2021, 6.57 , ¥6.56 ,-0.01
4/2/2021, 6.58 , ¥6.56 ,-0.0117
4/5/2021, 6.56 , ¥6.56 ,0.0081
4/6/2021, 6.54 , ¥6.54 ,-0.0039
4/7/2021, 6.55 , ¥6.54 ,-0.0064
4/8/2021, 6.56 , ¥6.55 ,-0.0046
4/9/2021, 6.56 , ¥6.55 ,-0.005
4/12/2021, 6.55 , ¥6.54 ,-0.0026
4/13/2021, 6.54 , ¥6.54 ,0.0002
4/14/2021, 6.53 , ¥6.53 ,-0.0004
4/15/2021, 6.53 , ¥6.52 ,-0.0039
4/16/2021, 6.53 , ¥6.52 ,-0.0048
4/19/2021, 6.51 , ¥6.51 ,0.0003
4/20/2021, 6.50 , ¥6.50 ,-0.0004
4/21/2021, 6.49 , ¥6.49 ,0.0019
4/22/2021, 6.49 , ¥6.49 ,-0.0031
4/23/2021, 6.49 , ¥6.49 ,0.0053
4/25/2021, 6.49 , ¥6.49 ,0.0062
4/26/2021, 6.47 , ¥6.48 ,0.0138
4/27/2021, 6.48 , ¥6.48 ,0.0034
4/28/2021, 6.48 , ¥6.48 ,0.0016
4/29/2021, 6.46 , ¥6.47 ,0.0082
4/30/2021, 6.47 , ¥6.47 ,0.0006
5/3/2021, 6.47 , ¥6.47 ,0.0037
5/4/2021, 6.48 , ¥6.47 ,-0.0091
5/5/2021, 6.49 , ¥6.47 ,-0.0129
5/6/2021, 6.46 , ¥6.46 ,-0.0047
5/7/2021, 6.42 , ¥6.43 ,0.016
5/8/2021, 6.41 , ¥6.43 ,0.0178
5/10/2021, 6.42 , ¥6.42 ,-0.005
5/11/2021, 6.43 , ¥6.43 ,0.0017
5/12/2021, 6.46 , ¥6.46 ,-0.0025
5/13/2021, 6.45 , ¥6.45 ,0.005
5/14/2021, 6.44 , ¥6.44 ,-0.0009
5/17/2021, 6.44 , ¥6.44 ,-0.0021
5/18/2021, 6.42 , ¥6.43 ,0.0024
5/19/2021, 6.44 , ¥6.43 ,-0.0037
5/20/2021, 6.43 , ¥6.43 ,0.0025
5/21/2021, 6.43 , ¥6.43 ,-0.0005
5/24/2021, 6.41 , ¥6.42 ,0.0098
5/25/2021, 6.41 , ¥6.41 ,-0.0012
5/26/2021, 6.38 , ¥6.39 ,0.012
5/27/2021, 6.37 , ¥6.38 ,0.0126
5/28/2021, 6.36 , ¥6.37 ,0.0089
5/31/2021, 6.37 , ¥6.37 ,-0.0009
6/1/2021, 6.38 , ¥6.38 ,-0.0021
6/2/2021, 6.38 , ¥6.38 ,-0.0024
6/3/2021, 6.40 , ¥6.40 ,0.0062
6/4/2021, 6.39 , ¥6.39 ,0.0058
6/7/2021, 6.39 , ¥6.40 ,0.0113
6/8/2021, 6.40 , ¥6.40 ,0.002
6/9/2021, 6.39 , ¥6.39 ,0.001
6/10/2021, 6.39 , ¥6.39 ,0.0076
6/11/2021, 6.40 , ¥6.40 ,0.001
6/14/2021, 6.41 , ¥6.40 ,-0.009
6/15/2021, 6.40 , ¥6.41 ,0.001
6/16/2021, 6.44 , ¥6.40 ,-0.0423
6/17/2021, 6.46 , ¥6.45 ,-0.0088
6/18/2021, 6.46 , ¥6.45 ,-0.0095
6/21/2021, 6.46 , ¥6.47 ,0.002
6/22/2021, 6.48 , ¥6.48 ,0.0017
6/23/2021, 6.48 , ¥6.47 ,-0.0035
6/24/2021, 6.47 , ¥6.47 ,0.0004
6/25/2021, 6.46 , ¥6.45 ,-0.0031
6/28/2021, 6.46 , ¥6.46 ,-0.0036
6/29/2021, 6.46 , ¥6.46 ,0.0004
6/30/2021, 6.47 , ¥6.46 ,-0.011
7/1/2021, 6.47 , ¥6.47 ,-0.0021
7/2/2021, 6.47 , ¥6.47 ,0.0005
7/5/2021, 6.46 , ¥6.46 ,0.0042
7/6/2021, 6.48 , ¥6.48 ,-0.0002
7/7/2021, 6.47 , ¥6.47 ,-0.0003
7/8/2021, 6.49 , ¥6.49 ,-0.0012
7/9/2021, 6.48 , ¥6.48 ,0.0014
7/12/2021, 6.47 , ¥6.48 ,0.0009
7/13/2021, 6.48 , ¥6.47 ,-0.0094
7/14/2021, 6.46 , ¥6.47 ,0.011
7/15/2021, 6.46 , ¥6.46 ,-0.0024
7/16/2021, 6.47 , ¥6.48 ,0.0047
7/19/2021, 6.49 , ¥6.49 ,-0.0024
7/20/2021, 6.49 , ¥6.48 ,-0.0018
7/21/2021, 6.46 , ¥6.47 ,0.0036
7/22/2021, 6.47 , ¥6.47 ,-0.0043
7/23/2021, 6.47 , ¥6.48 ,0.0063
7/26/2021, 6.48 , ¥6.48 ,0.0005
7/27/2021, 6.53 , ¥6.51 ,-0.0153
7/28/2021, 6.48 , ¥6.49 ,0.008
7/29/2021, 6.46 , ¥6.46 ,0.001
7/30/2021, 6.46 , ¥6.46 ,-0.0006
8/2/2021, 6.46 , ¥6.46 ,-0.0014
8/3/2021, 6.46 , ¥6.47 ,0.0065
8/4/2021, 6.46 , ¥6.47 ,0.0044
8/5/2021, 6.46 , ¥6.46 ,0.0003
8/6/2021, 6.48 , ¥6.48 ,0.0072
8/9/2021, 6.49 , ¥6.49 ,-0.0004
8/10/2021, 6.49 , ¥6.49 ,-0.0005
8/11/2021, 6.48 , ¥6.48 ,0.003
8/12/2021, 6.47 , ¥6.48 ,0.0035
8/13/2021, 6.48 , ¥6.48 ,0.0016
8/16/2021, 6.47 , ¥6.47 ,-0.0001
8/17/2021, 6.49 , ¥6.49 ,-0.0046
8/18/2021, 6.48 , ¥6.48 ,0.0015
8/19/2021, 6.50 , ¥6.49 ,-0.0049
8/20/2021, 6.50 , ¥6.50 ,0.0039
8/23/2021, 6.48 , ¥6.48 ,0.0052
8/24/2021, 6.47 , ¥6.47 ,0.0028
8/25/2021, 6.47 , ¥6.48 ,0.0067
8/26/2021, 6.48 , ¥6.48 ,-0.0023
8/27/2021, 6.46 , ¥6.47 ,0.0086
8/30/2021, 6.46 , ¥6.47 ,0.0019
8/31/2021, 6.45 , ¥6.46 ,0.008
9/1/2021, 6.45 , ¥6.46 ,0.0079
9/2/2021, 6.45 , ¥6.46 ,0.0086
9/3/2021, 6.43 , ¥6.45 ,0.0184
9/6/2021, 6.45 , ¥6.45 ,0.0054
9/7/2021, 6.46 , ¥6.47 ,0.0062
9/8/2021, 6.45 , ¥6.46 ,0.0068
9/9/2021, 6.45 , ¥6.45 ,0.0016
9/10/2021, 6.44 , ¥6.44 ,0.001
9/13/2021, 6.44 , ¥6.45 ,0.0105
9/14/2021, 6.43 , ¥6.44 ,0.006
9/15/2021, 6.43 , ¥6.43 ,0.0069
9/16/2021, 6.45 , ¥6.46 ,0.0049
9/17/2021, 6.47 , ¥6.47 ,-0.0062
9/20/2021, 6.48 , ¥6.47 ,-0.0155
9/21/2021, 6.48 , ¥6.47 ,-0.0149
9/22/2021, 6.47 , ¥6.46 ,-0.0082
9/23/2021, 6.46 , ¥6.46 ,-0.0016
9/24/2021, 6.46 , ¥6.47 ,0.0065
9/27/2021, 6.46 , ¥6.46 ,-0.0008
9/28/2021, 6.46 , ¥6.46 ,-0.0051
9/29/2021, 6.48 , ¥6.47 ,-0.0061
9/30/2021, 6.45 , ¥6.45 ,-0.0022
10/1/2021, 6.43 , ¥6.45 ,0.012
10/4/2021, 6.45 , ¥6.45 ,-0.0025
10/5/2021, 6.45 , ¥6.45 ,-0.0026
10/6/2021, 6.45 , ¥6.45 ,-0.0074
10/7/2021, 6.45 , ¥6.45 ,-0.0061
10/8/2021, 6.44 , ¥6.44 ,0.0004
10/11/2021, 6.46 , ¥6.45 ,-0.0078
10/12/2021, 6.45 , ¥6.45 ,-0.0056
10/13/2021, 6.43 , ¥6.43 ,0.0003
10/14/2021, 6.43 , ¥6.44 ,0.0042
10/15/2021, 6.43 , ¥6.43 ,0.0012
10/18/2021, 6.43 , ¥6.43 ,0.0028
10/19/2021, 6.38 , ¥6.38 ,0.0072
10/20/2021, 6.39 , ¥6.39 ,0.0009
10/21/2021, 6.39 , ¥6.39 ,-0.0007
10/22/2021, 6.38 , ¥6.38 ,0.002
10/25/2021, 6.38 , ¥6.39 ,0.0047
10/26/2021, 6.38 , ¥6.38 ,0.0048
10/27/2021, 6.39 , ¥6.39 ,-0.0009
10/28/2021, 6.39 , ¥6.39 ,0.0044
10/29/2021, 6.40 , ¥6.41 ,0.0029
11/1/2021, 6.39 , ¥6.40 ,0.0039
11/2/2021, 6.40 , ¥6.40 ,-0.0019
11/3/2021, 6.39 , ¥6.41 ,0.0128
11/4/2021, 6.40 , ¥6.40 ,0.0015
11/5/2021, 6.39 , ¥6.40 ,0.0055
11/8/2021, 6.39 , ¥6.39 ,0.0034
11/9/2021, 6.39 , ¥6.39 ,0.0034
11/10/2021, 6.40 , ¥6.39 ,-0.009
11/11/2021, 6.39 , ¥6.39 ,0.0011
11/12/2021, 6.38 , ¥6.38 ,0.0019
11/15/2021, 6.38 , ¥6.38 ,0.0017
11/16/2021, 6.39 , ¥6.39 ,0.003
11/17/2021, 6.37 , ¥6.38 ,0.005
11/18/2021, 6.38 , ¥6.39 ,0.0062
11/19/2021, 6.39 , ¥6.39 ,-0.0018
11/22/2021, 6.39 , ¥6.38 ,-0.0044
11/23/2021, 6.39 , ¥6.39 ,0.0027
11/24/2021, 6.39 , ¥6.39 ,-0.0028
11/25/2021, 6.39 , ¥6.39 ,0.0004
11/26/2021, 6.39 , ¥6.39 ,-0.0022
11/29/2021, 6.39 , ¥6.39 ,0.0022
11/30/2021, 6.37 , ¥6.36 ,-0.0013
12/1/2021, 6.37 , ¥6.37 ,-0.0038
12/2/2021, 6.37 , ¥6.38 ,0.0048
12/3/2021, 6.37 , ¥6.38 ,0.006
12/6/2021, 6.37 , ¥6.38 ,0.0021
12/7/2021, 6.36 , ¥6.37 ,0.0032
12/8/2021, 6.34 , ¥6.34 ,-0.0007
12/9/2021, 6.38 , ¥6.38 ,0.0008
12/10/2021, 6.38 , ¥6.37 ,-0.0065
12/13/2021, 6.37 , ¥6.36 ,-0.0115
12/14/2021, 6.37 , ¥6.37 ,-0.0059
12/15/2021, 6.37 , ¥6.37 ,-0.0055
12/16/2021, 6.38 , ¥6.37 ,-0.0123
12/17/2021, 6.39 , ¥6.37 ,-0.0109
12/20/2021, 6.38 , ¥6.38 ,-0.0061
12/21/2021, 6.37 , ¥6.37 ,-0.0031
12/22/2021, 6.38 , ¥6.37 ,-0.0059
12/23/2021, 6.37 , ¥6.37 ,-0.0035
12/24/2021, 6.37 , ¥6.37 ,-0.0052
12/27/2021, 6.37 , ¥6.37 ,-0.0022
12/28/2021, 6.37 , ¥6.37 ,-0.0032
12/29/2021, 6.37 , ¥6.37 ,-0.0003
12/30/2021, 6.37 , ¥6.37 ,-0.0045
12/31/2021, 6.36 , ¥6.35 ,-0.009
1/3/2022, 6.37 , ¥6.35 ,-0.0209
1/4/2022, 6.37 , ¥6.37 ,-0.0006
1/5/2022, 6.37 , ¥6.36 ,-0.0106
1/6/2022, 6.39 , ¥6.38 ,-0.0101
1/7/2022, 6.38 , ¥6.38 ,-0.0023
1/10/2022, 6.38 , ¥6.38 ,-0.0041
1/11/2022, 6.38 , ¥6.37 ,-0.0024
1/12/2022, 6.36 , ¥6.36 ,-0.0021
1/13/2022, 6.36 , ¥6.36 ,-0.0039
1/14/2022, 6.36 , ¥6.35 ,-0.0031
1/17/2022, 6.35 , ¥6.35 ,-0.0013
1/18/2022, 6.36 , ¥6.35 ,-0.0059
1/19/2022, 6.35 , ¥6.34 ,-0.0052
1/20/2022, 6.34 , ¥6.34 ,-0.003
1/21/2022, 6.34 , ¥6.34 ,-1E-04
1/24/2022, 6.33 , ¥6.33 ,-0.0016
1/25/2022, 6.33 , ¥6.33 ,-0.0043
1/26/2022, 6.33 , ¥6.32 ,-0.0131
1/27/2022, 6.37 , ¥6.36 ,-0.003
1/28/2022, 6.37 , ¥6.36 ,-0.0065
1/31/2022, 6.37 , ¥6.36 ,-0.0084
2/1/2022, 6.37 , ¥6.36 ,-0.0068
2/2/2022, 6.36 , ¥6.36 ,0.0043
2/3/2022, 6.35 , ¥6.36 ,0.0083
2/4/2022, 6.36 , ¥6.36 ,0.0029
2/7/2022, 6.36 , ¥6.36 ,-0.0016
2/8/2022, 6.37 , ¥6.37 ,0.0007
2/9/2022, 6.36 , ¥6.36 ,0.0011
2/10/2022, 6.36 , ¥6.35 ,-0.0095
2/11/2022, 6.36 , ¥6.35 ,-0.0094
2/14/2022, 6.36 , ¥6.36 ,0.0003
2/15/2022, 6.33 , ¥6.34 ,0.0037
2/16/2022, 6.33 , ¥6.33 ,0.0009
2/17/2022, 6.33 , ¥6.34 ,0.0056
2/18/2022, 6.32 , ¥6.33 ,0.0018
2/21/2022, 6.32 , ¥6.33 ,0.01
2/22/2022, 6.32 , ¥6.33 ,0.0031
2/23/2022, 6.31 , ¥6.31 ,0.0035
2/24/2022, 6.32 , ¥6.33 ,0.0069
2/25/2022, 6.31 , ¥6.32 ,0.0111
2/28/2022, 6.31 , ¥6.31 ,-0.0028
3/1/2022, 6.32 , ¥6.31 ,-0.0052
3/2/2022, 6.32 , ¥6.32 ,-0.0008
3/3/2022, 6.32 , ¥6.32 ,-0.0028
3/4/2022, 6.32 , ¥6.32 ,-0.0033
3/7/2022, 6.32 , ¥6.32 ,-0.0043
3/8/2022, 6.32 , ¥6.32 ,-0.0058
3/9/2022, 6.32 , ¥6.32 ,-0.0039
3/10/2022, 6.33 , ¥6.32 ,-0.0039
3/11/2022, 6.36 , ¥6.34 ,-0.0171
3/14/2022, 6.39 , ¥6.36 ,-0.0332
3/15/2022, 6.38 , ¥6.37 ,-0.0108
3/16/2022, 6.36 , ¥6.35 ,-0.0093
3/17/2022, 6.36 , ¥6.35 ,-0.0145
3/18/2022, 6.36 , ¥6.36 ,-0.0031
3/21/2022, 6.37 , ¥6.36 ,-0.0133
3/22/2022, 6.37 , ¥6.37 ,-0.0085
3/23/2022, 6.39 , ¥6.37 ,-0.0157
3/24/2022, 6.38 , ¥6.37 ,-0.0142
3/25/2022, 6.38 , ¥6.37 ,-0.0169
3/28/2022, 6.39 , ¥6.37 ,-0.015
3/29/2022, 6.37 , ¥6.36 ,-0.0128
3/30/2022, 6.36 , ¥6.35 ,-0.0117
3/31/2022, 6.35 , ¥6.34 ,-0.014
4/1/2022, 6.36 , ¥6.36 ,-0.0024
4/4/2022, 6.37 , ¥6.36 ,-0.0095
4/5/2022, 6.38 , ¥6.36 ,-0.0133
4/6/2022, 6.36 , ¥6.36 ,0.0011
4/7/2022, 6.36 , ¥6.36 ,-0.0047
4/8/2022, 6.37 , ¥6.36 ,-0.0057
4/11/2022, 6.39 , ¥6.37 ,-0.0204
4/12/2022, 6.37 , ¥6.37 ,-0.0094
4/13/2022, 6.38 , ¥6.37 ,-0.0082
4/14/2022, 6.39 , ¥6.38 ,-0.0105
4/15/2022, 6.38 , ¥6.37 ,-0.0096
4/18/2022, 6.38 , ¥6.36 ,-0.0161
4/19/2022, 6.42 , ¥6.39 ,-0.0234
4/20/2022, 6.44 , ¥6.42 ,-0.0242
4/21/2022, 6.48 , ¥6.45 ,-0.0283
4/22/2022, 6.52 , ¥6.50 ,-0.0233
4/25/2022, 6.57 , ¥6.56 ,-0.0111
4/26/2022, 6.59 , ¥6.56 ,-0.0335
4/27/2022, 6.58 , ¥6.56 ,-0.025
4/28/2022, 6.66 , ¥6.62 ,-0.0336
4/29/2022, 6.64 , ¥6.61 ,-0.0317
5/2/2022, 6.67 , ¥6.61 ,-0.0665
5/3/2022, 6.65 , ¥6.61 ,-0.0373
5/4/2022, 6.62 , ¥6.61 ,-0.0075
5/5/2022, 6.68 , ¥6.65 ,-0.0267
5/6/2022, 6.72 , ¥6.67 ,-0.0507
5/7/2022, 6.71 , ¥6.67 ,-0.0498
5/9/2022, 6.75 , ¥6.73 ,-0.0252
5/10/2022, 6.74 , ¥6.73 ,-0.0106
5/11/2022, 6.76 , ¥6.72 ,-0.0425
5/12/2022, 6.83 , ¥6.79 ,-0.0397
5/13/2022, 6.79 , ¥6.79 ,-0.0063
5/16/2022, 6.80 , ¥6.78 ,-0.0134
5/17/2022, 6.74 , ¥6.73 ,-0.0053
5/18/2022, 6.78 , ¥6.75 ,-0.025
5/19/2022, 6.73 , ¥6.71 ,-0.0181
5/20/2022, 6.69 , ¥6.69 ,-0.0027
5/23/2022, 6.66 , ¥6.65 ,-0.0115
5/24/2022, 6.66 , ¥6.65 ,-0.0036
5/25/2022, 6.71 , ¥6.69 ,-0.0206
5/26/2022, 6.77 , ¥6.74 ,-0.029
5/27/2022, 6.72 , ¥6.70 ,-0.0216
5/30/2022, 6.67 , ¥6.66 ,-0.0115
5/31/2022, 6.68 , ¥6.67 ,-0.0072
6/1/2022, 6.70 , ¥6.69 ,-0.0112
6/2/2022, 6.65 , ¥6.66 ,0.0057
6/3/2022, 6.66 , ¥6.66 ,0.0021
6/6/2022, 6.66 , ¥6.65 ,-0.0023
6/7/2022, 6.67 , ¥6.67 ,-0.0024
6/8/2022, 6.70 , ¥6.68 ,-0.0174
6/9/2022, 6.70 , ¥6.69 ,-0.0088
6/10/2022, 6.73 , ¥6.71 ,-0.0227
6/13/2022, 6.78 , ¥6.75 ,-0.0273
6/14/2022, 6.76 , ¥6.74 ,-0.0163
6/15/2022, 6.67 , ¥6.71 ,0.0454
6/16/2022, 6.68 , ¥6.70 ,0.0194
6/17/2022, 6.71 , ¥6.72 ,0.0075
6/20/2022, 6.69 , ¥6.69 ,0.0007
6/21/2022, 6.69 , ¥6.69 ,-0.0032
6/22/2022, 6.71 , ¥6.70 ,-0.0135
6/23/2022, 6.70 , ¥6.70 ,-0.0015
6/24/2022, 6.68 , ¥6.69 ,0.0052
6/27/2022, 6.69 , ¥6.69 ,-0.0015
6/28/2022, 6.70 , ¥6.71 ,0.0045
6/29/2022, 6.71 , ¥6.70 ,-0.0071
6/30/2022, 6.69 , ¥6.70 ,0.0053
7/1/2022, 6.70 , ¥6.70 ,0.0033
7/4/2022, 6.69 , ¥6.70 ,0.0056
7/5/2022, 6.71 , ¥6.72 ,0.0074
7/6/2022, 6.71 , ¥6.71 ,-0.0077
7/7/2022, 6.69 , ¥6.70 ,0.0083
7/8/2022, 6.68 , ¥6.69 ,0.0106
7/11/2022, 6.73 , ¥6.72 ,-0.0077
7/12/2022, 6.74 , ¥6.72 ,-0.0132
7/13/2022, 6.73 , ¥6.72 ,-0.0076
7/14/2022, 6.76 , ¥6.75 ,-0.0069
7/15/2022, 6.75 , ¥6.76 ,0.0023
7/18/2022, 6.76 , ¥6.74 ,-0.0172
7/19/2022, 6.74 , ¥6.74 ,-0.0011
7/20/2022, 6.77 , ¥6.75 ,-0.0201
7/21/2022, 6.77 , ¥6.77 ,-0.0035
7/22/2022, 6.76 , ¥6.75 ,-0.0071
7/25/2022, 6.75 , ¥6.75 ,-0.0011
7/26/2022, 6.77 , ¥6.76 ,-0.0045
7/27/2022, 6.74 , ¥6.76 ,0.0146
7/28/2022, 6.74 , ¥6.75 ,0.0031
7/29/2022, 6.75 , ¥6.74 ,-0.007
8/1/2022, 6.78 , ¥6.77 ,-0.0169
8/2/2022, 6.78 , ¥6.75 ,-0.0273
8/3/2022, 6.76 , ¥6.76 ,-0.004
8/4/2022, 6.75 , ¥6.75 ,-0.0019
8/5/2022, 6.77 , ¥6.76 ,-0.0058
8/8/2022, 6.76 , ¥6.75 ,-0.0113
8/9/2022, 6.75 , ¥6.75 ,-0.0016
8/10/2022, 6.72 , ¥6.72 ,0.0002
8/11/2022, 6.74 , ¥6.74 ,0.0009
8/12/2022, 6.74 , ¥6.74 ,0.0063
8/15/2022, 6.82 , ¥6.77 ,-0.0441
8/16/2022, 6.79 , ¥6.79 ,-0.0044
8/17/2022, 6.79 , ¥6.78 ,-0.0106
8/18/2022, 6.80 , ¥6.79 ,-0.0161
8/19/2022, 6.83 , ¥6.82 ,-0.0182
8/22/2022, 6.87 , ¥6.85 ,-0.0191
8/23/2022, 6.85 , ¥6.83 ,-0.0196
8/24/2022, 6.88 , ¥6.86 ,-0.017
8/25/2022, 6.85 , ¥6.85 ,-0.0021
8/26/2022, 6.89 , ¥6.87 ,-0.0228
8/29/2022, 6.91 , ¥6.91 ,-0.008
8/30/2022, 6.92 , ¥6.91 ,-0.0125
8/31/2022, 6.91 , ¥6.89 ,-0.0163
9/1/2022, 6.92 , ¥6.91 ,-0.0084
9/2/2022, 6.92 , ¥6.90 ,-0.0198
9/5/2022, 6.94 , ¥6.93 ,-0.0086
9/6/2022, 6.97 , ¥6.95 ,-0.0164
9/7/2022, 6.96 , ¥6.97 ,0.0092
9/8/2022, 6.96 , ¥6.96 ,-0.0047
9/9/2022, 6.94 , ¥6.92 ,-0.0122
9/12/2022, 6.92 , ¥6.92 ,0.0071
9/13/2022, 6.98 , ¥6.92 ,-0.0571
9/14/2022, 6.97 , ¥6.96 ,-0.0121
9/15/2022, 7.01 , ¥6.99 ,-0.0195
9/16/2022, 7.00 , ¥6.98 ,-0.019
9/19/2022, 7.00 , ¥7.01 ,0.0012
9/20/2022, 7.03 , ¥7.02 ,-0.0121
9/21/2022, 7.07 , ¥7.05 ,-0.0265
9/22/2022, 7.08 , ¥7.08 ,-0.0024
9/23/2022, 7.13 , ¥7.13 ,-0.0064
9/26/2022, 7.17 , ¥7.13 ,-0.0415
9/27/2022, 7.18 , ¥7.18 ,-0.0022
9/28/2022, 7.16 , ¥7.20 ,0.0376
9/29/2022, 7.10 , ¥7.12 ,0.0227
9/30/2022, 7.14 , ¥7.11 ,-0.028
10/3/2022, 7.10 , ¥7.11 ,0.0102
10/4/2022, 7.04 , ¥7.11 ,0.0754
10/5/2022, 7.07 , ¥7.11 ,0.0464
10/6/2022, 7.08 , ¥7.11 ,0.0297
10/7/2022, 7.13 , ¥7.11 ,-0.0179
10/9/2022, 7.13 , ¥7.11 ,-0.0163
10/10/2022, 7.15 , ¥7.15 ,0.0009
10/11/2022, 7.17 , ¥7.16 ,-0.0045
10/12/2022, 7.17 , ¥7.17 ,-0.0026
10/13/2022, 7.17 , ¥7.17 ,-0.0047
10/14/2022, 7.22 , ¥7.19 ,-0.0267
10/17/2022, 7.21 , ¥7.19 ,-0.0133
10/18/2022, 7.22 , ¥7.20 ,-0.0234
10/19/2022, 7.27 , ¥7.23 ,-0.0399
10/20/2022, 7.26 , ¥7.21 ,-0.0433
10/21/2022, 7.23 , ¥7.24 ,0.0115
10/24/2022, 7.33 , ¥7.26 ,-0.0626
10/25/2022, 7.31 , ¥7.27 ,-0.0452
10/26/2022, 7.19 , ¥7.17 ,-0.0149
10/27/2022, 7.25 , ¥7.22 ,-0.0257
10/28/2022, 7.27 , ¥7.25 ,-0.0199
10/31/2022, 7.34 , ¥7.30 ,-0.0341
11/1/2022, 7.31 , ¥7.27 ,-0.0345
11/2/2022, 7.34 , ¥7.29 ,-0.0555
11/3/2022, 7.33 , ¥7.30 ,-0.0293
11/4/2022, 7.18 , ¥7.18 ,0.0074
11/7/2022, 7.23 , ¥7.23 ,-0.0027
11/8/2022, 7.23 , ¥7.25 ,0.0175
11/9/2022, 7.27 , ¥7.24 ,-0.0314
11/10/2022, 7.15 , ¥7.18 ,0.033
11/11/2022, 7.09 , ¥7.11 ,0.0181
11/14/2022, 7.04 , ¥7.07 ,0.0297
11/15/2022, 7.05 , ¥7.04 ,-0.002
11/16/2022, 7.11 , ¥7.08 ,-0.0223
11/17/2022, 7.15 , ¥7.16 ,0.0089
11/18/2022, 7.12 , ¥7.12 ,-0.0046
11/21/2022, 7.18 , ¥7.16 ,-0.0147
11/22/2022, 7.14 , ¥7.14 ,0.0033
11/23/2022, 7.15 , ¥7.16 ,0.0055
11/24/2022, 7.17 , ¥7.15 ,-0.0186
11/25/2022, 7.20 , ¥7.16 ,-0.0315
11/28/2022, 7.25 , ¥7.21 ,-0.0397
11/29/2022, 7.14 , ¥7.16 ,0.0139
11/30/2022, 7.04 , ¥7.09 ,0.043
12/1/2022, 7.04 , ¥7.04 ,0.0047
12/2/2022, 7.02 , ¥7.02 ,0.0014
12/5/2022, 6.97 , ¥6.96 ,-0.0129
12/6/2022, 6.98 , ¥6.99 ,0.0126
12/7/2022, 6.96 , ¥6.97 ,0.0092
12/8/2022, 6.96 , ¥6.96 ,0.0048
12/9/2022, 6.97 , ¥6.96 ,-0.0162
12/12/2022, 6.99 , ¥6.98 ,-0.0115
12/13/2022, 6.96 , ¥6.94 ,-0.02
12/14/2022, 6.94 , ¥6.95 ,0.0066
12/15/2022, 6.99 , ¥6.97 ,-0.0185
12/16/2022, 6.98 , ¥6.97 ,-0.0061
12/19/2022, 6.99 , ¥6.98 ,-0.0088
12/20/2022, 6.96 , ¥6.96 ,0.0007
12/21/2022, 6.99 , ¥6.98 ,-0.0046
12/22/2022, 7.01 , ¥6.98 ,-0.0256
12/23/2022, 7.00 , ¥6.99 ,-0.0162
12/26/2022, 6.97 , ¥6.96 ,-0.0137
12/27/2022, 6.97 , ¥6.96 ,-0.0077
12/28/2022, 6.99 , ¥6.98 ,-0.0174
12/29/2022, 6.97 , ¥6.96 ,-0.01
12/30/2022, 6.92 , ¥6.90 ,-0.0257
1/2/2023, 6.93 , ¥6.90 ,-0.0294
1/3/2023, 6.92 , ¥6.91 ,-0.0098
1/4/2023, 6.90 , ¥6.89 ,-0.0114
1/5/2023, 6.89 , ¥6.88 ,-0.011
1/6/2023, 6.83 , ¥6.84 ,0.0067
1/9/2023, 6.78 , ¥6.77 ,-0.0117
1/10/2023, 6.78 , ¥6.78 ,-0.007
1/11/2023, 6.77 , ¥6.77 ,0.0043
1/12/2023, 6.73 , ¥6.74 ,0.0114
1/13/2023, 6.71 , ¥6.70 ,-0.0059
1/16/2023, 6.74 , ¥6.73 ,-0.0103
1/17/2023, 6.77 , ¥6.77 ,0.0036
1/18/2023, 6.77 , ¥6.75 ,-0.0232
1/19/2023, 6.77 , ¥6.77 ,0.0037
1/20/2023, 6.78 , ¥6.78 ,0.001
1/23/2023, 6.78 , ¥6.78 ,0.0073
1/24/2023, 6.78 , ¥6.78 ,-0.0002
1/25/2023, 6.77 , ¥6.78 ,0.0122
1/26/2023, 6.73 , ¥6.78 ,0.048
1/27/2023, 6.76 , ¥6.78 ,0.0269
1/28/2023, 6.76 , ¥6.78 ,0.0269
1/30/2023, 6.76 , ¥6.75 ,-0.0081
1/31/2023, 6.76 , ¥6.75 ,-0.0016
2/1/2023, 6.72 , ¥6.74 ,0.0222
2/2/2023, 6.74 , ¥6.73 ,-0.0096
2/3/2023, 6.81 , ¥6.77 ,-0.0328
2/6/2023, 6.80 , ¥6.79 ,-0.0085
2/7/2023, 6.78 , ¥6.79 ,0.0084
2/8/2023, 6.80 , ¥6.79 ,-0.0078
2/9/2023, 6.80 , ¥6.78 ,-0.0169
2/10/2023, 6.82 , ¥6.81 ,-0.0156
2/13/2023, 6.82 , ¥6.82 ,-0.0017
2/14/2023, 6.84 , ¥6.83 ,-0.0108
2/15/2023, 6.86 , ¥6.85 ,-0.0106
2/16/2023, 6.87 , ¥6.86 ,-0.009
2/17/2023, 6.87 , ¥6.87 ,-0.0053
2/20/2023, 6.86 , ¥6.85 ,-0.004
2/21/2023, 6.89 , ¥6.87 ,-0.0217
2/22/2023, 6.90 , ¥6.89 ,-0.0141
2/23/2023, 6.92 , ¥6.91 ,-0.0098
2/24/2023, 6.98 , ¥6.95 ,-0.0256
2/27/2023, 6.96 , ¥6.94 ,-0.0162
2/28/2023, 6.95 , ¥6.93 ,-0.0214
3/1/2023, 6.88 , ¥6.87 ,-0.0128
3/2/2023, 6.92 , ¥6.91 ,-0.0079
3/3/2023, 6.90 , ¥6.90 ,0.0086
3/6/2023, 6.95 , ¥6.93 ,-0.0203
3/7/2023, 6.99 , ¥6.96 ,-0.0332
3/8/2023, 6.97 , ¥6.95 ,-0.0178
3/9/2023, 6.98 , ¥6.96 ,-0.0134
3/10/2023, 6.94 , ¥6.90 ,-0.0356
3/13/2023, 6.85 , ¥6.85 ,-0.0062
3/14/2023, 6.88 , ¥6.87 ,-0.014
3/15/2023, 6.89 , ¥6.91 ,0.0138
3/16/2023, 6.89 , ¥6.90 ,0.0019
3/17/2023, 6.89 , ¥6.89 ,-0.0043
3/20/2023, 6.87 , ¥6.88 ,0.0042
3/21/2023, 6.88 , ¥6.88 ,0.0071
3/22/2023, 6.86 , ¥6.88 ,0.019
3/23/2023, 6.83 , ¥6.82 ,-0.01
3/24/2023, 6.87 , ¥6.87 ,-0.0013
3/27/2023, 6.88 , ¥6.88 ,0.0016
3/28/2023, 6.88 , ¥6.87 ,-0.0034
3/29/2023, 6.89 , ¥6.89 ,-0.0085
3/30/2023, 6.87 , ¥6.87 ,-0.0029
3/31/2023, 6.87 , ¥6.87 ,-0.0065
4/3/2023, 6.88 , ¥6.88 ,0.0013
4/4/2023, 6.88 , ¥6.88 ,-1E-04
4/5/2023, 6.88 , ¥6.88 ,-0.0052
4/6/2023, 6.88 , ¥6.88 ,-0.0071
4/7/2023, 6.88 , ¥6.87 ,-0.0086
4/10/2023, 6.89 , ¥6.88 ,-0.0095
4/11/2023, 6.89 , ¥6.89 ,-0.007
4/12/2023, 6.88 , ¥6.87 ,-0.0087
4/13/2023, 6.87 , ¥6.87 ,-0.0033
4/14/2023, 6.87 , ¥6.87 ,-0.0005
4/17/2023, 6.88 , ¥6.88 ,-0.0024
4/18/2023, 6.88 , ¥6.88 ,-0.0059
4/19/2023, 6.89 , ¥6.89 ,-0.0094
4/20/2023, 6.88 , ¥6.87 ,-0.0112
4/21/2023, 6.90 , ¥6.89 ,-0.0072
4/24/2023, 6.90 , ¥6.90 ,-0.0046
4/25/2023, 6.94 , ¥6.93 ,-0.0071
4/26/2023, 6.94 , ¥6.93 ,-0.0138
4/27/2023, 6.93 , ¥6.92 ,-0.0083
4/28/2023, 6.93 , ¥6.91 ,-0.0152
5/1/2023, 6.96 , ¥6.91 ,-0.0497
5/2/2023, 6.93 , ¥6.91 ,-0.0227
5/3/2023, 6.92 , ¥6.91 ,-0.01
5/4/2023, 6.92 , ¥6.91 ,-0.009
5/5/2023, 6.92 , ¥6.91 ,-0.0106
5/8/2023, 6.92 , ¥6.91 ,-0.0083
5/9/2023, 6.92 , ¥6.92 ,-0.0036
5/10/2023, 6.94 , ¥6.93 ,-0.0053
5/11/2023, 6.96 , ¥6.95 ,-0.0118
5/12/2023, 6.97 , ¥6.96 ,-0.0137
5/15/2023, 6.96 , ¥6.95 ,-0.0073
5/16/2023, 7.00 , ¥6.98 ,-0.0196
5/17/2023, 7.01 , ¥7.00 ,-0.0107
5/18/2023, 7.05 , ¥7.04 ,-0.0146
5/19/2023, 7.02 , ¥7.01 ,-0.018
5/22/2023, 7.05 , ¥7.04 ,-0.012
5/23/2023, 7.07 , ¥7.06 ,-0.01
5/24/2023, 7.06 , ¥7.06 ,-0.0038
5/25/2023, 7.09 , ¥7.08 ,-0.0126
5/26/2023, 7.07 , ¥7.06 ,-0.0088
5/29/2023, 7.09 , ¥7.07 ,-0.0131
5/30/2023, 7.09 , ¥7.08 ,-0.0115
5/31/2023, 7.12 , ¥7.11 ,-0.0072
6/1/2023, 7.10 , ¥7.09 ,-0.0102
6/2/2023, 7.11 , ¥7.08 ,-0.0265
6/5/2023, 7.12 , ¥7.10 ,-0.0171
6/6/2023, 7.13 , ¥7.12 ,-0.0092
6/7/2023, 7.15 , ¥7.13 ,-0.0187
6/8/2023, 7.12 , ¥7.11 ,-0.0075
6/9/2023, 7.14 , ¥7.13 ,-0.0161
6/12/2023, 7.15 , ¥7.14 ,-0.0112
6/13/2023, 7.17 , ¥7.17 ,-0.0083
6/14/2023, 7.18 , ¥7.16 ,-0.0139
6/15/2023, 7.12 , ¥7.12 ,-0.0004
6/16/2023, 7.13 , ¥7.13 ,-0.0019
6/19/2023, 7.16 , ¥7.16 ,-0.0021
6/20/2023, 7.18 , ¥7.18 ,-0.0002
6/21/2023, 7.18 , ¥7.18 ,0.0018
6/22/2023, 7.19 , ¥7.18 ,-0.0164
6/23/2023, 7.22 , ¥7.18 ,-0.0376
6/26/2023, 7.24 , ¥7.24 ,-0.0075
6/27/2023, 7.22 , ¥7.22 ,-0.0056
6/28/2023, 7.24 , ¥7.24 ,0.0014
6/29/2023, 7.27 , ¥7.25 ,-0.0159
6/30/2023, 7.27 , ¥7.25 ,-0.0163
7/3/2023, 7.25 , ¥7.24 ,-0.0143
7/4/2023, 7.23 , ¥7.21 ,-0.0154
7/5/2023, 7.26 , ¥7.25 ,-0.0144
7/6/2023, 7.25 , ¥7.25 ,-0.0043
7/7/2023, 7.23 , ¥7.22 ,-0.0119
7/10/2023, 7.23 , ¥7.23 ,0.0032
7/11/2023, 7.21 , ¥7.21 ,-0.0037
7/12/2023, 7.17 , ¥7.17 ,0.0003
7/13/2023, 7.15 , ¥7.15 ,0.0001
7/14/2023, 7.16 , ¥7.14 ,-0.0154
7/17/2023, 7.18 , ¥7.17 ,-0.0073
7/18/2023, 7.19 , ¥7.18 ,-0.0132
7/19/2023, 7.23 , ¥7.23 ,-0.0058
7/20/2023, 7.17 , ¥7.18 ,0.0022
7/21/2023, 7.19 , ¥7.19 ,-0.0012
7/24/2023, 7.18 , ¥7.19 ,0.0012
7/25/2023, 7.14 , ¥7.13 ,-0.0024
7/26/2023, 7.15 , ¥7.15 ,0.0003
7/27/2023, 7.17 , ¥7.17 ,0.003
7/28/2023, 7.15 , ¥7.15 ,-0.0027
7/31/2023, 7.14 , ¥7.14 ,-0.0021
8/1/2023, 7.18 , ¥7.18 ,-0.0068
8/2/2023, 7.20 , ¥7.19 ,-0.0122
8/3/2023, 7.18 , ¥7.17 ,-0.0162
8/4/2023, 7.19 , ¥7.17 ,-0.0162
8/7/2023, 7.20 , ¥7.19 ,-0.0097
8/8/2023, 7.24 , ¥7.22 ,-0.0213
8/9/2023, 7.23 , ¥7.21 ,-0.0173
8/10/2023, 7.24 , ¥7.22 ,-0.0252
8/11/2023, 7.26 , ¥7.24 ,-0.0235
8/14/2023, 7.28 , ¥7.26 ,-0.0206
8/15/2023, 7.32 , ¥7.28 ,-0.0412
8/16/2023, 7.34 , ¥7.30 ,-0.0371
8/17/2023, 7.30 , ¥7.29 ,-0.0117
8/18/2023, 7.31 , ¥7.28 ,-0.0268
8/21/2023, 7.29 , ¥7.29 ,-0.0007
8/22/2023, 7.30 , ¥7.29 ,-0.0114
8/23/2023, 7.29 , ¥7.28 ,-0.0085
8/24/2023, 7.28 , ¥7.28 ,-0.0016
8/25/2023, 7.29 , ¥7.29 ,-0.0049
8/28/2023, 7.29 , ¥7.29 ,-0.0029
8/29/2023, 7.28 , ¥7.28 ,-0.0036
8/30/2023, 7.30 , ¥7.28 ,-0.0183
8/31/2023, 7.27 , ¥7.26 ,-0.0164
9/1/2023, 7.27 , ¥7.26 ,-0.0063
9/4/2023, 7.28 , ¥7.27 ,-0.003
9/5/2023, 7.30 , ¥7.30 ,-0.0002
9/6/2023, 7.32 , ¥7.32 ,-0.0035
9/7/2023, 7.34 , ¥7.33 ,-0.0122
9/8/2023, 7.37 , ¥7.34 ,-0.022
9/11/2023, 7.30 , ¥7.29 ,-0.0133
9/12/2023, 7.30 , ¥7.29 ,-0.0097
9/13/2023, 7.27 , ¥7.27 ,-0.0009
9/14/2023, 7.29 , ¥7.28 ,-0.012
9/15/2023, 7.28 , ¥7.27 ,-0.0052
9/18/2023, 7.29 , ¥7.29 ,0.0014
9/19/2023, 7.30 , ¥7.30 ,-0.0066
9/20/2023, 7.31 , ¥7.29 ,-0.0189
9/21/2023, 7.31 , ¥7.31 ,-0.0076
9/22/2023, 7.30 , ¥7.30 ,-0.0007
9/25/2023, 7.32 , ¥7.31 ,-0.0049
9/26/2023, 7.31 , ¥7.31 ,0.0008
9/27/2023, 7.32 , ¥7.31 ,-0.0111
9/28/2023, 7.29 , ¥7.30 ,0.0076
9/29/2023, 7.30 , ¥7.30 ,0.0055
10/2/2023, 7.32 , ¥7.30 ,-0.0204
10/3/2023, 7.32 , ¥7.30 ,-0.0181
10/4/2023, 7.32 , ¥7.30 ,-0.0157
10/5/2023, 7.30 , ¥7.30 ,-0.0036
10/6/2023, 7.31 , ¥7.30 ,-0.0066
10/9/2023, 7.29 , ¥7.29 ,-0.0002
10/10/2023, 7.29 , ¥7.29 ,0.0093
10/11/2023, 7.30 , ¥7.30 ,-0.001
10/12/2023, 7.31 , ¥7.30 ,-0.0078
10/13/2023, 7.31 , ¥7.30 ,-0.0066
10/16/2023, 7.31 , ¥7.31 ,0.003
10/17/2023, 7.32 , ¥7.31 ,-0.0143
10/18/2023, 7.33 , ¥7.32 ,-0.0125
10/19/2023, 7.34 , ¥7.31 ,-0.023
10/20/2023, 7.33 , ¥7.32 ,-0.0105
10/23/2023, 7.31 , ¥7.32 ,0.0061
10/24/2023, 7.31 , ¥7.31 ,-0.0034
10/25/2023, 7.33 , ¥7.32 ,-0.0122
10/26/2023, 7.32 , ¥7.32 ,-0.0087
10/27/2023, 7.33 , ¥7.32 ,-0.0157
10/30/2023, 7.32 , ¥7.31 ,-0.0106
10/31/2023, 7.34 , ¥7.32 ,-0.026
11/1/2023, 7.33 , ¥7.32 ,-0.0171
11/2/2023, 7.33 , ¥7.32 ,-0.0112
11/3/2023, 7.29 , ¥7.30 ,0.0132
11/6/2023, 7.28 , ¥7.27 ,-0.0128
11/7/2023, 7.28 , ¥7.28 ,0.0013
11/8/2023, 7.29 , ¥7.28 ,-0.006
11/9/2023, 7.30 , ¥7.28 ,-0.0138
11/10/2023, 7.31 , ¥7.29 ,-0.0169
11/13/2023, 7.29 , ¥7.29 ,-0.0031
11/14/2023, 7.25 , ¥7.25 ,0.0015
11/15/2023, 7.26 , ¥7.25 ,-0.0106
11/16/2023, 7.25 , ¥7.24 ,-0.0031
11/17/2023, 7.22 , ¥7.21 ,-0.006
11/20/2023, 7.16 , ¥7.17 ,0.0033
11/21/2023, 7.14 , ¥7.14 ,-0.0071
11/22/2023, 7.16 , ¥7.16 ,-0.0099
11/23/2023, 7.15 , ¥7.15 ,-0.0033
11/24/2023, 7.15 , ¥7.15 ,0.0004
11/27/2023, 7.16 , ¥7.15 ,-0.0064
11/28/2023, 7.13 , ¥7.15 ,0.0143
11/29/2023, 7.14 , ¥7.13 ,-0.012
11/30/2023, 7.14 , ¥7.14 ,-0.0073
12/1/2023, 7.12 , ¥7.14 ,0.0158
12/4/2023, 7.15 , ¥7.14 ,-0.005
12/5/2023, 7.17 , ¥7.15 ,-0.0261
12/6/2023, 7.17 , ¥7.16 ,-0.014
12/7/2023, 7.16 , ¥7.15 ,-0.0129
12/8/2023, 7.19 , ¥7.16 ,-0.0209
12/11/2023, 7.19 , ¥7.18 ,-0.0174
12/12/2023, 7.19 , ¥7.18 ,-0.0178
12/13/2023, 7.14 , ¥7.17 ,0.036
12/14/2023, 7.12 , ¥7.11 ,-0.0151
12/15/2023, 7.13 , ¥7.12 ,-0.0166
12/18/2023, 7.14 , ¥7.13 ,-0.0086
12/19/2023, 7.12 , ¥7.13 ,0.0068
12/20/2023, 7.15 , ¥7.14 ,-0.0142
12/21/2023, 7.14 , ¥7.14 ,-0.0034
12/22/2023, 7.15 , ¥7.13 ,-0.0215
12/25/2023, 7.15 , ¥7.14 ,-0.0099
12/26/2023, 7.14 , ¥7.14 ,0.0023
12/27/2023, 7.15 , ¥7.14 ,-0.011
12/28/2023, 7.12 , ¥7.11 ,-0.0105
12/29/2023, 7.13 , ¥7.10 ,-0.0274
1/1/2024, 7.12 , ¥7.10 ,-0.0262
1/2/2024, 7.15 , ¥7.14 ,-0.0077
1/3/2024, 7.16 , ¥7.15 ,-0.014
1/4/2024, 7.18 , ¥7.16 ,-0.0176
1/5/2024, 7.17 , ¥7.14 ,-0.0262
1/8/2024, 7.16 , ¥7.15 ,-0.0071
1/9/2024, 7.18 , ¥7.17 ,-0.015
1/10/2024, 7.18 , ¥7.17 ,-0.0112
1/11/2024, 7.17 , ¥7.17 ,-0.0067
1/12/2024, 7.19 , ¥7.17 ,-0.0228
1/15/2024, 7.18 , ¥7.17 ,-0.0122
1/16/2024, 7.22 , ¥7.19 ,-0.0277
1/17/2024, 7.22 , ¥7.20 ,-0.0254
1/18/2024, 7.21 , ¥7.20 ,-0.0188
1/19/2024, 7.20 , ¥7.19 ,-0.0084
1/22/2024, 7.19 , ¥7.19 ,-0.0006
1/23/2024, 7.17 , ¥7.17 ,0.0061
1/24/2024, 7.16 , ¥7.15 ,-0.0092
1/25/2024, 7.18 , ¥7.17 ,-0.0109
1/26/2024, 7.19 , ¥7.18 ,-0.0105
1/29/2024, 7.19 , ¥7.18 ,-0.0067
1/30/2024, 7.19 , ¥7.18 ,-0.0115
1/31/2024, 7.18 , ¥7.17 ,-0.0176
2/1/2024, 7.19 , ¥7.18 ,-0.007
2/2/2024, 7.21 , ¥7.19 ,-0.0228
2/4/2024, 7.21 , ¥7.19 ,-0.0221
2/5/2024, 7.22 , ¥7.20 ,-0.0209
2/6/2024, 7.20 , ¥7.19 ,-0.0104
2/7/2024, 7.21 , ¥7.19 ,-0.0182
2/8/2024, 7.21 , ¥7.20 ,-0.0181
2/9/2024, 7.22 , ¥7.19 ,-0.0249
2/12/2024, 7.21 , ¥7.19 ,-0.0209
2/13/2024, 7.23 , ¥7.19 ,-0.0377
2/14/2024, 7.22 , ¥7.19 ,-0.0292
2/15/2024, 7.22 , ¥7.19 ,-0.024
2/16/2024, 7.21 , ¥7.19 ,-0.0186
2/19/2024, 7.21 , ¥7.20 ,-0.0133
2/20/2024, 7.20 , ¥7.19 ,-0.01
2/21/2024, 7.20 , ¥7.19 ,-0.0091
2/22/2024, 7.20 , ¥7.19 ,-0.0064
2/23/2024, 7.20 , ¥7.20 ,-0.0087
2/26/2024, 7.21 , ¥7.20 ,-0.0127
2/27/2024, 7.21 , ¥7.20 ,-0.0154
2/28/2024, 7.21 , ¥7.20 ,-0.0151
2/29/2024, 7.21 , ¥7.19 ,-0.0188
3/1/2024, 7.21 , ¥7.20 ,-0.0127
3/4/2024, 7.21 , ¥7.20 ,-0.0101
3/5/2024, 7.21 , ¥7.20 ,-0.0142
3/6/2024, 7.21 , ¥7.20 ,-0.0125
3/7/2024, 7.20 , ¥7.19 ,-0.0071
3/8/2024, 7.20 , ¥7.19 ,-0.0143
3/11/2024, 7.18 , ¥7.18 ,0.0026
3/12/2024, 7.19 , ¥7.18 ,-0.0065
3/13/2024, 7.19 , ¥7.19 ,-0.0067
3/14/2024, 7.20 , ¥7.19 ,-0.0087
3/15/2024, 7.21 , ¥7.20 ,-0.01
3/18/2024, 7.21 , ¥7.20 ,-0.0073
3/19/2024, 7.21 , ¥7.20 ,-0.0124
3/20/2024, 7.21 , ¥7.20 ,-0.0111
3/21/2024, 7.22 , ¥7.20 ,-0.0212
3/22/2024, 7.27 , ¥7.23 ,-0.0454
3/25/2024, 7.25 , ¥7.21 ,-0.0421
3/26/2024, 7.25 , ¥7.22 ,-0.0307
3/27/2024, 7.25 , ¥7.23 ,-0.0268
3/28/2024, 7.26 , ¥7.23 ,-0.0353
3/29/2024, 7.26 , ¥7.22 ,-0.0357
4/1/2024, 7.26 , ¥7.23 ,-0.0284
4/2/2024, 7.25 , ¥7.23 ,-0.0218
4/3/2024, 7.25 , ¥7.23 ,-0.0151
4/4/2024, 7.25 , ¥7.23 ,-0.0165
4/5/2024, 7.25 , ¥7.23 ,-0.0133
4/7/2024, 7.25 , ¥7.23 ,-0.0133
4/8/2024, 7.24 , ¥7.23 ,-0.0108
4/9/2024, 7.24 , ¥7.23 ,-0.006
4/10/2024, 7.26 , ¥7.23 ,-0.0284
4/11/2024, 7.25 , ¥7.24 ,-0.0171
4/12/2024, 7.27 , ¥7.24 ,-0.0287
4/15/2024, 7.26 , ¥7.24 ,-0.0208
4/16/2024, 7.26 , ¥7.24 ,-0.0255
4/17/2024, 7.24 , ¥7.24 ,-0.005
4/18/2024, 7.25 , ¥7.24 ,-0.0109
4/19/2024, 7.25 , ¥7.24 ,-0.0087
4/22/2024, 7.25 , ¥7.24 ,-0.0075
4/23/2024, 7.26 , ¥7.24 ,-0.0148
4/24/2024, 7.27 , ¥7.25 ,-0.0262
4/25/2024, 7.25 , ¥7.24 ,-0.0148
4/26/2024, 7.27 , ¥7.25 ,-0.0213
4/29/2024, 7.24 , ¥7.23 ,-0.0107
4/30/2024, 7.25 , ¥7.24 ,-0.014
5/1/2024, 7.23 , ¥7.24 ,0.0073
5/2/2024, 7.21 , ¥7.24 ,0.0351
5/3/2024, 7.19 , ¥7.24 ,0.0481
5/6/2024, 7.21 , ¥7.21 ,-0.0059
5/7/2024, 7.22 , ¥7.22 ,-0.0062
5/8/2024, 7.23 , ¥7.22 ,-0.0046
5/9/2024, 7.22 , ¥7.22 ,-0.0016
5/10/2024, 7.23 , ¥7.23 ,-0.007
5/13/2024, 7.24 , ¥7.23 ,-0.0064
5/14/2024, 7.24 , ¥7.23 ,-0.0056
5/15/2024, 7.22 , ¥7.22 ,0.0011
5/16/2024, 7.22 , ¥7.22 ,-0.0041
5/17/2024, 7.23 , ¥7.22 ,-0.0097
5/20/2024, 7.25 , ¥7.23 ,-0.0125
5/21/2024, 7.25 , ¥7.24 ,-0.0086
5/22/2024, 7.25 , ¥7.24 ,-0.0123
5/23/2024, 7.26 , ¥7.24 ,-0.0158
5/24/2024, 7.26 , ¥7.24 ,-0.0195
5/27/2024, 7.26 , ¥7.24 ,-0.0131
5/28/2024, 7.26 , ¥7.24 ,-0.0184
5/29/2024, 7.27 , ¥7.25 ,-0.0236
5/30/2024, 7.25 , ¥7.23 ,-0.0197
5/31/2024, 7.26 , ¥7.24 ,-0.0204
6/3/2024, 7.25 , ¥7.24 ,-0.0091
6/4/2024, 7.25 , ¥7.24 ,-0.0073
6/5/2024, 7.26 , ¥7.25 ,-0.0103
6/6/2024, 7.26 , ¥7.24 ,-0.0148
6/7/2024, 7.26 , ¥7.25 ,-0.015
6/10/2024, 7.27 , ¥7.25 ,-0.0176
6/11/2024, 7.27 , ¥7.25 ,-0.0165
6/12/2024, 7.26 , ¥7.24 ,-0.0242
6/13/2024, 7.27 , ¥7.25 ,-0.018
6/14/2024, 7.27 , ¥7.26 ,-0.0134
6/17/2024, 7.27 , ¥7.26 ,-0.013
6/18/2024, 7.27 , ¥7.25 ,-0.0157
6/19/2024, 7.28 , ¥7.26 ,-0.0234
6/20/2024, 7.29 , ¥7.26 ,-0.0299
6/21/2024, 7.29 , ¥7.26 ,-0.0286
6/24/2024, 7.28 , ¥7.26 ,-0.0238
6/25/2024, 7.29 , ¥7.26 ,-0.0255
6/26/2024, 7.30 , ¥7.27 ,-0.0329
6/27/2024, 7.30 , ¥7.27 ,-0.0339
6/28/2024, 7.30 , ¥7.27 ,-0.0321
7/1/2024, 7.30 , ¥7.27 ,-0.0358
7/2/2024, 7.31 , ¥7.27 ,-0.0357
7/3/2024, 7.30 , ¥7.27 ,-0.0316
7/4/2024, 7.29 , ¥7.27 ,-0.0251
7/5/2024, 7.29 , ¥7.27 ,-0.0195
7/8/2024, 7.29 , ¥7.27 ,-0.0169
7/9/2024, 7.29 , ¥7.27 ,-0.0158
7/10/2024, 7.29 , ¥7.28 ,-0.0149
7/11/2024, 7.27 , ¥7.26 ,-0.0091
7/12/2024, 7.27 , ¥7.25 ,-0.0209
7/15/2024, 7.27 , ¥7.26 ,-0.0146
7/16/2024, 7.29 , ¥7.27 ,-0.0185
7/17/2024, 7.27 , ¥7.26 ,-0.0107
7/18/2024, 7.28 , ¥7.26 ,-0.0162
7/19/2024, 7.28 , ¥7.27 ,-0.0144
7/22/2024, 7.30 , ¥7.27 ,-0.022
7/23/2024, 7.29 , ¥7.27 ,-0.0127
7/24/2024, 7.27 , ¥7.26 ,-0.0025
7/25/2024, 7.24 , ¥7.23 ,-0.0089
7/26/2024, 7.26 , ¥7.25 ,-0.0113
7/29/2024, 7.27 , ¥7.26 ,-0.011
7/30/2024, 7.24 , ¥7.25 ,0.0079
7/31/2024, 7.23 , ¥7.22 ,-0.0078
8/1/2024, 7.25 , ¥7.24 ,-0.0056
8/2/2024, 7.16 , ¥7.16 ,-0.0029
8/5/2024, 7.14 , ¥7.13 ,-0.0074
8/6/2024, 7.16 , ¥7.16 ,-0.0019
8/7/2024, 7.17 , ¥7.18 ,0.0031
8/8/2024, 7.18 , ¥7.17 ,-0.009
8/9/2024, 7.17 , ¥7.17 ,-0.0069
8/12/2024, 7.18 , ¥7.17 ,-0.003
8/13/2024, 7.15 , ¥7.16 ,0.0082
8/14/2024, 7.15 , ¥7.14 ,-0.0078
8/15/2024, 7.18 , ¥7.17 ,-0.005
8/16/2024, 7.16 , ¥7.16 ,0.0035
8/19/2024, 7.13 , ¥7.14 ,0.007
8/20/2024, 7.11 , ¥7.13 ,0.0171
8/21/2024, 7.13 , ¥7.13 ,0.0037
8/22/2024, 7.15 , ¥7.14 ,-0.0014
8/23/2024, 7.11 , ¥7.12 ,0.011
8/26/2024, 7.12 , ¥7.12 ,-0.0015
8/27/2024, 7.12 , ¥7.12 ,0.0048
8/28/2024, 7.13 , ¥7.12 ,-0.0069
8/29/2024, 7.09 , ¥7.10 ,0.0026
8/30/2024, 7.09 , ¥7.09 ,-0.0007
9/2/2024, 7.12 , ¥7.12 ,0.0017
9/3/2024, 7.12 , ¥7.12 ,0.0008
9/4/2024, 7.11 , ¥7.11 ,0
9/5/2024, 7.09 , ¥7.09 ,0.0039
9/6/2024, 7.09 , ¥7.09 ,-0.0039
9/9/2024, 7.12 , ¥7.11 ,-0.0064
9/10/2024, 7.13 , ¥7.12 ,-0.0144
9/11/2024, 7.13 , ¥7.12 ,-0.0103
9/12/2024, 7.12 , ¥7.12 ,-0.0005
9/13/2024, 7.10 , ¥7.09 ,-0.0041
9/16/2024, 7.10 , ¥7.09 ,-0.0025
9/17/2024, 7.11 , ¥7.09 ,-0.0177
9/18/2024, 7.09 , ¥7.08 ,-0.013
9/19/2024, 7.07 , ¥7.07 ,-0.0031
9/20/2024, 7.04 , ¥7.05 ,0.0099
9/23/2024, 7.06 , ¥7.05 ,-0.0092
9/24/2024, 7.01 , ¥7.03 ,0.022
9/25/2024, 7.03 , ¥7.03 ,-0.0006
9/26/2024, 6.97 , ¥7.01 ,0.0393
9/27/2024, 6.98 , ¥7.01 ,0.0313
9/29/2024, 6.98 , ¥7.01 ,0.0343
9/30/2024, 7.00 , ¥7.02 ,0.0127
10/1/2024, 7.03 , ¥7.02 ,-0.0103
10/2/2024, 7.04 , ¥7.02 ,-0.0189
10/3/2024, 7.05 , ¥7.02 ,-0.0337
10/4/2024, 7.10 , ¥7.02 ,-0.0776
10/7/2024, 7.07 , ¥7.02 ,-0.0531
10/8/2024, 7.07 , ¥7.06 ,-0.0133
10/9/2024, 7.09 , ¥7.08 ,-0.0126
10/10/2024, 7.08 , ¥7.08 ,-0.0029
10/11/2024, 7.07 , ¥7.07 ,-0.001
10/14/2024, 7.10 , ¥7.09 ,-0.0081
10/15/2024, 7.14 , ¥7.12 ,-0.0163
10/16/2024, 7.14 , ¥7.12 ,-0.0161
10/17/2024, 7.14 , ¥7.12 ,-0.0129
10/18/2024, 7.12 , ¥7.10 ,-0.0144
10/21/2024, 7.14 , ¥7.12 ,-0.0161
10/22/2024, 7.13 , ¥7.12 ,-0.0115
10/23/2024, 7.14 , ¥7.13 ,-0.0102
10/24/2024, 7.12 , ¥7.12 ,-0.0041
10/25/2024, 7.13 , ¥7.12 ,-0.014
10/28/2024, 7.14 , ¥7.13 ,-0.0191
10/29/2024, 7.14 , ¥7.13 ,-0.0126
10/30/2024, 7.12 , ¥7.12 ,-0.0099
10/31/2024, 7.12 , ¥7.12 ,-0.0033
11/1/2024, 7.14 , ¥7.12 ,-0.0171
11/4/2024, 7.11 , ¥7.10 ,-0.0102
11/5/2024, 7.10 , ¥7.10 ,0.0034
11/6/2024, 7.20 , ¥7.18 ,-0.0244
11/7/2024, 7.15 , ¥7.14 ,-0.0075
11/8/2024, 7.20 , ¥7.18 ,-0.0211
11/11/2024, 7.23 , ¥7.21 ,-0.0127
11/12/2024, 7.24 , ¥7.23 ,-0.0105
11/13/2024, 7.24 , ¥7.22 ,-0.018
11/14/2024, 7.25 , ¥7.23 ,-0.0253
11/15/2024, 7.24 , ¥7.23 ,-0.0045
11/18/2024, 7.22 , ¥7.24 ,0.0118
11/19/2024, 7.23 , ¥7.24 ,0.0058
11/20/2024, 7.25 , ¥7.25 ,-0.0039
11/21/2024, 7.25 , ¥7.24 ,-0.0164
11/22/2024, 7.26 , ¥7.25 ,-0.0135
11/25/2024, 7.24 , ¥7.24 ,-0.0054
11/26/2024, 7.26 , ¥7.25 ,-0.0043
11/27/2024, 7.24 , ¥7.25 ,0.0023
11/28/2024, 7.25 , ¥7.24 ,-0.0043
11/29/2024, 7.25 , ¥7.24 ,-0.0049
12/2/2024, 7.28 , ¥7.27 ,-0.013
12/3/2024, 7.30 , ¥7.29 ,-0.0127
12/4/2024, 7.28 , ¥7.26 ,-0.0124
12/5/2024, 7.26 , ¥7.26 ,-0.004
12/6/2024, 7.28 , ¥7.27 ,-0.0131
12/9/2024, 7.27 , ¥7.26 ,-0.0059
12/10/2024, 7.26 , ¥7.25 ,-0.0066
12/11/2024, 7.28 , ¥7.26 ,-0.018
12/12/2024, 7.27 , ¥7.27 ,-0.0051
12/13/2024, 7.28 , ¥7.28 ,-0.0014
12/16/2024, 7.29 , ¥7.28 ,-0.0078
12/17/2024, 7.29 , ¥7.28 ,-0.0023
12/18/2024, 7.32 , ¥7.29 ,-0.0373
12/19/2024, 7.31 , ¥7.30 ,-0.0114
12/20/2024, 7.29 , ¥7.30 ,0.0055
12/23/2024, 7.31 , ¥7.30 ,-0.0087
12/24/2024, 7.31 , ¥7.29 ,-0.0117
12/25/2024, 7.30 , ¥7.30 ,-0.0035
12/26/2024, 7.30 , ¥7.30 ,-0.0034
12/27/2024, 7.30 , ¥7.30 ,-0.0005
12/30/2024, 7.31 , ¥7.30 ,-0.0146
12/31/2024, 7.33 , ¥7.30 ,-0.0344
1/1/2025, 7.33 , ¥7.30 ,-0.0321
1/2/2025, 7.34 , ¥7.30 ,-0.0401
1/3/2025, 7.36 , ¥7.32 ,-0.0366
1/6/2025, 7.35 , ¥7.32 ,-0.0235
1/7/2025, 7.34 , ¥7.33 ,-0.0141
1/8/2025, 7.35 , ¥7.33 ,-0.0207
1/9/2025, 7.35 , ¥7.33 ,-0.022
1/10/2025, 7.36 , ¥7.33 ,-0.029
1/13/2025, 7.35 , ¥7.33 ,-0.0132
1/14/2025, 7.34 , ¥7.33 ,-0.0105
1/15/2025, 7.35 , ¥7.33 ,-0.0178
1/16/2025, 7.35 , ¥7.33 ,-0.0142
1/17/2025, 7.34 , ¥7.32 ,-0.0138
1/20/2025, 7.26 , ¥7.30 ,0.0399
1/21/2025, 7.27 , ¥7.27 ,0.006
1/22/2025, 7.28 , ¥7.27 ,-0.0083
1/23/2025, 7.29 , ¥7.29 ,0.0006
1/24/2025, 7.24 , ¥7.24 ,0.0017
1/26/2025, 7.25 , ¥7.24 ,-0.0025
1/27/2025, 7.25 , ¥7.25 ,0.0004
1/28/2025, 7.27 , ¥7.25 ,-0.0212
1/29/2025, 7.26 , ¥7.25 ,-0.0121
1/30/2025, 7.29 , ¥7.25 ,-0.0411
1/31/2025, 7.32 , ¥7.25 ,-0.0686
2/3/2025, 7.31 , ¥7.25 ,-0.059
2/4/2025, 7.29 , ¥7.25 ,-0.0351
2/5/2025, 7.28 , ¥7.27 ,-0.0088
2/6/2025, 7.29 , ¥7.29 ,-0.0001
2/7/2025, 7.30 , ¥7.29 ,-0.0137
2/10/2025, 7.31 , ¥7.30 ,-0.0042
2/11/2025, 7.31 , ¥7.31 ,-0.0011
2/12/2025, 7.31 , ¥7.31 ,-0.0001
2/13/2025, 7.27 , ¥7.29 ,0.0201
2/14/2025, 7.26 , ¥7.25 ,-0.005
2/17/2025, 7.26 , ¥7.26 ,-0.0012
2/18/2025, 7.27 , ¥7.28 ,0.0049
2/19/2025, 7.28 , ¥7.28 ,0.0017
2/20/2025, 7.23 , ¥7.26 ,0.0219
2/21/2025, 7.25 , ¥7.25 ,-0.0018
2/24/2025, 7.25 , ¥7.25 ,-0.004
2/25/2025, 7.25 , ¥7.25 ,-0.0009
2/26/2025, 7.26 , ¥7.26 ,-0.004
2/27/2025, 7.30 , ¥7.29 ,-0.0138
2/28/2025, 7.29 , ¥7.28 ,-0.0099
3/3/2025, 7.30 , ¥7.28 ,-0.0172
3/4/2025, 7.25 , ¥7.27 ,0.0139
3/5/2025, 7.24 , ¥7.25 ,0.0151
3/6/2025, 7.24 , ¥7.25 ,0.0045
3/7/2025, 7.24 , ¥7.23 ,-0.0077
3/10/2025, 7.26 , ¥7.26 ,-0.0027
3/11/2025, 7.23 , ¥7.23 ,0.0023
3/12/2025, 7.24 , ¥7.24 ,-0.0025
3/13/2025, 7.25 , ¥7.24 ,-0.0019
3/14/2025, 7.24 , ¥7.24 ,0.0021
3/17/2025, 7.23 , ¥7.23 ,0.0077
3/18/2025, 7.23 , ¥7.23 ,0.0003
3/19/2025, 7.23 , ¥7.23 ,0.0022
3/20/2025, 7.25 , ¥7.25 ,-0.0038
3/21/2025, 7.26 , ¥7.25 ,-0.0072
3/24/2025, 7.26 , ¥7.25 ,-0.0092
3/25/2025, 7.26 , ¥7.26 ,-0.0073
3/26/2025, 7.28 , ¥7.27 ,-0.0106
3/27/2025, 7.27 , ¥7.26 ,-0.0015
3/28/2025, 7.27 , ¥7.26 ,-0.0057
3/31/2025, 7.26 , ¥7.26 ,-0.0081
4/1/2025, 7.28 , ¥7.27 ,-0.0106
4/2/2025, 7.29 , ¥7.27 ,-0.0266
4/3/2025, 7.28 , ¥7.28 ,0.0029
4/4/2025, 7.29 , ¥7.28 ,-0.0127
4/7/2025, 7.34 , ¥7.31 ,-0.0358
4/8/2025, 7.42 , ¥7.34 ,-0.0854
4/9/2025, 7.34 , ¥7.35 ,0.007
4/10/2025, 7.31 , ¥7.31 ,0.0035
4/11/2025, 7.28 , ¥7.29 ,0.0128
4/14/2025, 7.31 , ¥7.31 ,0.0004
4/15/2025, 7.33 , ¥7.32 ,-0.0121
4/16/2025, 7.30 , ¥7.31 ,0.0077
4/17/2025, 7.30 , ¥7.30 ,-0.0013
4/18/2025, 7.30 , ¥7.30 ,-0.0025
4/21/2025, 7.29 , ¥7.29 ,-0.0006
4/22/2025, 7.31 , ¥7.31 ,0.0013
4/23/2025, 7.28 , ¥7.29 ,0.002
4/24/2025, 7.29 , ¥7.29 ,0.0012
4/25/2025, 7.29 , ¥7.29 ,-0.0008
4/27/2025, 7.29 , ¥7.29 ,-0.0007
4/28/2025, 7.28 , ¥7.29 ,0.0102
4/29/2025, 7.27 , ¥7.27 ,0.0013
4/30/2025, 7.27 , ¥7.27 ,0.0027
5/1/2025, 7.28 , ¥7.27 ,-0.0058
5/2/2025, 7.21 , ¥7.27 ,0.0598
5/5/2025, 7.20 , ¥7.27 ,0.0701
5/6/2025, 7.21 , ¥7.22 ,0.0063
5/7/2025, 7.23 , ¥7.23 ,-0.0024
5/8/2025, 7.24 , ¥7.23 ,-0.0083
5/9/2025, 7.24 , ¥7.24 ,-0.0024
5/12/2025, 7.20 , ¥7.20 ,0.0035
5/13/2025, 7.20 , ¥7.21 ,0.0102
5/14/2025, 7.21 , ¥7.21 ,-0.0022
5/15/2025, 7.20 , ¥7.21 ,0.0027
5/16/2025, 7.21 , ¥7.21 ,0.0007
5/19/2025, 7.21 , ¥7.21 ,0.0008
5/20/2025, 7.21 , ¥7.22 ,0.0057
5/21/2025, 7.20 , ¥7.20 ,-0.0013
5/22/2025, 7.20 , ¥7.20 ,-0.0006
5/23/2025, 7.17 , ¥7.18 ,0.0091
5/26/2025, 7.18 , ¥7.19 ,0.0107
5/27/2025, 7.19 , ¥7.20 ,0.0041
5/28/2025, 7.19 , ¥7.19 ,0.0021
5/29/2025, 7.19 , ¥7.19 ,-0.0025
5/30/2025, 7.20 , ¥7.20 ,-0.0049
6/2/2025, 7.21 , ¥7.20 ,-0.009
6/3/2025, 7.19 , ¥7.19 ,-0.0035
6/4/2025, 7.17 , ¥7.18 ,0.0139
6/5/2025, 7.17 , ¥7.18 ,0.0007
6/6/2025, 7.19 , ¥7.19 ,0.0015
6/9/2025, 7.18 , ¥7.18 ,-0.0018
6/10/2025, 7.19 , ¥7.19 ,-0.0008
6/11/2025, 7.20 , ¥7.19 ,-0.0047
6/12/2025, 7.17 , ¥7.17 ,-0.0003
6/13/2025, 7.19 , ¥7.18 ,-0.0064
6/16/2025, 7.18 , ¥7.18 ,-0.004
6/17/2025, 7.19 , ¥7.18 ,-0.0061
6/18/2025, 7.19 , ¥7.19 ,-0.0046
6/19/2025, 7.19 , ¥7.19 ,0.0026
6/20/2025, 7.18 , ¥7.18 ,0.0013
6/23/2025, 7.18 , ¥7.18 ,0.0038
6/24/2025, 7.16 , ¥7.17 ,0.0076
6/25/2025, 7.17 , ¥7.18 ,0.006
6/26/2025, 7.16 , ¥7.17 ,0.0046
6/27/2025, 7.17 , ¥7.17 ,0.001
6/30/2025, 7.16 , ¥7.16 ,0.0074
7/1/2025, 7.16 , ¥7.16 ,0.0052
7/2/2025, 7.16 , ¥7.16 ,0.0051
7/3/2025, 7.17 , ¥7.17 ,-0.0007
7/4/2025, 7.16 , ¥7.16 ,0.0031
7/7/2025, 7.18 , ¥7.17 ,-0.0043
7/8/2025, 7.18 , ¥7.17 ,-0.006
7/9/2025, 7.18 , ¥7.18 ,-0.002
7/10/2025, 7.18 , ¥7.17 ,-0.0021
7/11/2025, 7.17 , ¥7.17 ,-0.0042
7/14/2025, 7.17 , ¥7.17 ,-0.0041
7/15/2025, 7.18 , ¥7.17 ,-0.0097
7/16/2025, 7.18 , ¥7.18 ,-1E-04
7/17/2025, 7.18 , ¥7.18 ,-0.0004
7/18/2025, 7.18 , ¥7.18 ,-0.0026
7/21/2025, 7.17 , ¥7.18 ,0.0058
7/22/2025, 7.17 , ¥7.17 ,0.0057
7/23/2025, 7.15 , ¥7.16 ,0.0086
7/24/2025, 7.15 , ¥7.15 ,0.0019
7/25/2025, 7.17 , ¥7.17 ,0.0017
7/28/2025, 7.18 , ¥7.18 ,-0.0033
7/29/2025, 7.18 , ¥7.18 ,-0.0032
7/30/2025, 7.21 , ¥7.19 ,-0.0171
7/31/2025, 7.21 , ¥7.20 ,-0.0072
8/1/2025, 7.19 , ¥7.21 ,0.0235
8/4/2025, 7.18 , ¥7.18 ,-0.0049
8/5/2025, 7.19 , ¥7.18 ,-0.0048
8/6/2025, 7.18 , ¥7.18 ,-0.0019
8/7/2025, 7.18 , ¥7.18 ,0.001
8/8/2025, 7.19 , ¥7.18 ,-0.0047
8/11/2025, 7.20 , ¥7.19 ,-0.0076
8/12/2025, 7.18 , ¥7.18 ,-0.0054
8/13/2025, 7.18 , ¥7.17 ,-0.0066
8/14/2025, 7.18 , ¥7.18 ,-0.001
8/15/2025, 7.19 , ¥7.18 ,-0.0055
8/18/2025, 7.19 , ¥7.18 ,-0.0027
8/19/2025, 7.19 , ¥7.18 ,-0.0045
8/20/2025, 7.18 , ¥7.18 ,-0.0056
8/21/2025, 7.18 , ¥7.18 ,-0.0016
8/22/2025, 7.17 , ¥7.17 ,-0.0043
8/25/2025, 7.16 , ¥7.15 ,-0.0068
8/26/2025, 7.15 , ¥7.15 ,-0.0008
8/27/2025, 7.15 , ¥7.15 ,0.0025
8/28/2025, 7.12 , ¥7.13 ,0.0117
8/29/2025, 7.12 , ¥7.13 ,0.0097
9/1/2025, 7.13 , ¥7.14 ,0.0037
9/2/2025, 7.14 , ¥7.14 ,0.0014
9/3/2025, 7.14 , ¥7.14 ,0.0029
9/4/2025, 7.14 , ¥7.14 ,0.0051
9/5/2025, 7.12 , ¥7.13 ,0.0078
9/8/2025, 7.12 , ¥7.13 ,0.0084
9/9/2025, 7.12 , ¥7.12 ,-0.0021
9/10/2025, 7.12 , ¥7.12 ,0.0021
9/11/2025, 7.11 , ¥7.12 ,0.007
9/12/2025, 7.12 , ¥7.12 ,0.0014
9/15/2025, 7.12 , ¥7.12 ,0.0006
9/16/2025, 7.10 , ¥7.11 ,0.0107
9/17/2025, 7.10 , ¥7.10 ,0.0025
9/18/2025, 7.11 , ¥7.11 ,0.0041
9/19/2025, 7.12 , ¥7.12 ,-0.0034
9/22/2025, 7.12 , ¥7.11 ,-0.0014
9/23/2025, 7.11 , ¥7.11 ,-0.0013
9/24/2025, 7.14 , ¥7.13 ,-0.0055
9/25/2025, 7.14 , ¥7.13 ,-0.011
9/26/2025, 7.14 , ¥7.13 ,-0.0082
9/29/2025, 7.13 , ¥7.12 ,-0.0096
9/30/2025, 7.13 , ¥7.12 ,-0.0093
10/1/2025, 7.13 , ¥7.12 ,-0.008
10/2/2025, 7.13 , ¥7.12 ,-0.0114
10/3/2025, 7.13 , ¥7.12 ,-0.0155
10/6/2025, 7.14 , ¥7.12 ,-0.0227
10/7/2025, 7.14 , ¥7.12 ,-0.0255
10/8/2025, 7.15 , ¥7.12 ,-0.0305
10/9/2025, 7.14 , ¥7.13 ,-0.01
10/10/2025, 7.15 , ¥7.13 ,-0.0128
10/13/2025, 7.14 , ¥7.13 ,-0.0054
10/14/2025, 7.14 , ¥7.14 ,-0.0016
10/15/2025, 7.13 , ¥7.13 ,-0.0032
10/16/2025, 7.12 , ¥7.12 ,-0.0004
10/17/2025, 7.13 , ¥7.13 ,0.0012
10/20/2025, 7.12 , ¥7.12 ,-0.0037
10/21/2025, 7.13 , ¥7.12 ,-0.0044
10/22/2025, 7.12 , ¥7.13 ,0.001
10/23/2025, 7.12 , ¥7.12 ,-0.0016
10/24/2025, 7.13 , ¥7.12 ,-0.0042
10/27/2025, 7.11 , ¥7.11 ,0.0021
10/28/2025, 7.09 , ¥7.10 ,0.004
10/29/2025, 7.10 , ¥7.10 ,0.0019
10/30/2025, 7.11 , ¥7.11 ,-0.0003
10/31/2025, 7.12 , ¥7.12 ,-0.0038
11/3/2025, 7.12 , ¥7.12 ,-0.0045
11/4/2025, 7.13 , ¥7.13 ,-0.0037
11/5/2025, 7.13 , ¥7.13 ,-0.0046
11/6/2025, 7.12 , ¥7.12 ,-0.0015
11/7/2025, 7.12 , ¥7.12 ,-0.0017
11/10/2025, 7.12 , ¥7.12 ,-0.0017
11/11/2025, 7.12 , ¥7.12 ,-0.005
11/12/2025, 7.11 , ¥7.11 ,0.0005
11/13/2025, 7.10 , ¥7.10 ,-0.001
11/14/2025, 7.10 , ¥7.10 ,0.0012
11/17/2025, 7.11 , ¥7.11 ,0.0004
11/18/2025, 7.11 , ¥7.11 ,-0.0017
11/19/2025, 7.12 , ¥7.11 ,-0.0057
11/20/2025, 7.12 , ¥7.12 ,-0.0008
11/21/2025, 7.11 , ¥7.11 ,0.0016
11/24/2025, 7.11 , ¥7.10 ,-0.003
11/25/2025, 7.08 , ¥7.08 ,0.0029
11/26/2025, 7.07 , ¥7.08 ,0.0076
11/27/2025, 7.07 , ¥7.08 ,0.0058
11/28/2025, 7.07 , ¥7.08 ,0.0051
12/1/2025, 7.07 , ¥7.07 ,0.0006
12/2/2025, 7.07 , ¥7.07 ,0.004
12/3/2025, 7.06 , ¥7.06 ,0.007
12/4/2025, 7.07 , ¥7.07 ,0.0011
12/5/2025, 7.07 , ¥7.07 ,0.002
12/8/2025, 7.07 , ¥7.07 ,0.0005
12/9/2025, 7.06 , ¥7.06 ,0.004
12/10/2025, 7.06 , ¥7.06 ,0.0045
12/11/2025, 7.05 , ¥7.06 ,0.0071
12/12/2025, 7.05 , ¥7.05 ,0.003
12/15/2025, 7.04 , ¥7.05 ,0.0048
12/16/2025, 7.03 , ¥7.04 ,0.0072
12/17/2025, 7.04 , ¥7.04 ,0.004
12/18/2025, 7.03 , ¥7.04 ,0.0091
12/19/2025, 7.03 , ¥7.04 ,0.0084
12/22/2025, 7.03 , ¥7.04 ,0.0068
12/23/2025, 7.02 , ¥7.03 ,0.01
12/24/2025, 7.01 , ¥7.01 ,0.0077
12/25/2025, 7.00 , ¥7.01 ,0.0085
12/26/2025, 7.00 , ¥7.01 ,0.0046
12/29/2025, 7.00 , ¥7.01 ,0.0087
12/30/2025, 6.99 , ¥7.00 ,0.0048
12/31/2025, 6.98 , ¥6.99 ,0.0175
1/1/2026, 6.98 , ¥6.99 ,0.0158
1/2/2026, 6.97 , ¥6.99 ,0.0245
1/5/2026, 6.98 , ¥6.99 ,0.0062
1/6/2026, 6.98 , ¥6.98 ,0.0039
1/7/2026, 6.99 , ¥7.00 ,0.0035
1/8/2026, 6.98 , ¥6.98 ,0.0021
1/9/2026, 6.97 , ¥6.98 ,0.0034
1/12/2026, 6.97 , ¥6.97 ,0.005
1/13/2026, 6.97 , ¥6.98 ,0.0055
1/14/2026, 6.97 , ¥6.97 ,0.0027
1/15/2026, 6.96 , ¥6.97 ,0.0039
1/16/2026, 6.97 , ¥6.97 ,0.0019
1/19/2026, 6.96 , ¥6.96 ,0.0075
1/20/2026, 6.95 , ¥6.96 ,0.0063
1/21/2026, 6.96 , ¥6.96 ,0.0049
1/22/2026, 6.96 , ¥6.97 ,0.0095
1/23/2026, 6.95 , ¥6.96 ,0.0159
1/26/2026, 6.95 , ¥6.95 ,0.0063
1/27/2026, 6.93 , ¥6.95 ,0.0226
1/28/2026, 6.94 , ¥6.95 ,0.0034
1/29/2026, 6.94 , ¥6.95 ,0.0037
1/30/2026, 6.96 , ¥6.95 ,-0.0067
2/2/2026, 6.94 , ¥6.95 ,0.0051
2/3/2026, 6.93 , ¥6.94 ,0.004
2/4/2026, 6.94 , ¥6.94 ,0.0013
2/5/2026, 6.94 , ¥6.94 ,-0.0023
2/6/2026, 6.93 , ¥6.94 ,0.01
2/9/2026, 6.91 , ¥6.92 ,0.0076
2/10/2026, 6.91 , ¥6.91 ,-0.0014
2/11/2026, 6.91 , ¥6.91 ,0.0049
2/12/2026, 6.90 , ¥6.90 ,0.004
2/13/2026, 6.90 , ¥6.91 ,0.0093
2/16/2026, 6.88 , ¥6.91 ,0.0258
2/17/2026, 6.88 , ¥6.91 ,0.025
2/18/2026, 6.89 , ¥6.91 ,0.0175
2/19/2026, 6.90 , ¥6.91 ,0.0088
2/20/2026, 6.90 , ¥6.91 ,0.0119
2/23/2026, 6.89 , ¥6.91 ,0.0192
2/24/2026, 6.88 , ¥6.88 ,0.0045
2/25/2026, 6.85 , ¥6.87 ,0.015
2/26/2026, 6.84 , ¥6.84 ,-0.0014
2/27/2026, 6.86 , ¥6.86 ,-0.002
3/2/2026, 6.90 , ¥6.88 ,-0.0181
3/3/2026, 6.92 , ¥6.90 ,-0.0167
3/4/2026, 6.89 , ¥6.90 ,0.0044
3/5/2026, 6.92 , ¥6.89 ,-0.0256
3/6/2026, 6.90 , ¥6.90 ,-0.0082
3/9/2026, 6.89 , ¥6.91 ,0.0216
3/10/2026, 6.88 , ¥6.88 ,-0.0032
3/11/2026, 6.88 , ¥6.87 ,-0.01
3/12/2026, 6.88 , ¥6.87 ,-0.0112
3/13/2026, 6.90 , ¥6.90 ,-0.0084
3/16/2026, 6.89 , ¥6.90 ,0.0086
3/17/2026, 6.88 , ¥6.89 ,0.0056
3/18/2026, 6.90 , ¥6.87 ,-0.0281
3/19/2026, 6.88 , ¥6.90 ,0.0215
3/20/2026, 6.90 , ¥6.89 ,-0.0192
3/23/2026, 6.88 , ¥6.88 ,-0.0027
3/24/2026, 6.89 , ¥6.89 ,0.0008
3/25/2026, 6.90 , ¥6.90 ,-0.0007
